link,name,description,price,rating,features
https://www.airbnb.com.au/s/Bright--Victoria/homes?checkin=2022-05-01&checkout=2022-05-05/rooms/30049984?check_in=2022-05-01&check_out=2022-05-05&previous_page_section_name=1000&federated_search_id=a74c01c2-b525-4bae-982b-275bb3796b0e,"b'Mountain Mist - Detached, 600m to Central Bright!'",Entire guest suite in Bright,$474 AUD,Rating 4.97 out of 5; 190 reviews,2 guests·1 bedroom·1 bed·1 bathWi-Fi·Kitchen·Air conditioning·Free parking
https://www.airbnb.com.au/s/Bright--Victoria/homes?checkin=2022-05-01&checkout=2022-05-05/rooms/29318635?check_in=2022-05-01&check_out=2022-05-05&previous_page_section_name=1000&federated_search_id=a74c01c2-b525-4bae-982b-275bb3796b0e,b'Scandinavian styled townhouse with stunning views',Entire rental unit in Mount Beauty,$832 AUD,Rating 4.94 out of 5; 233 reviews,4 guests·2 bedrooms·4 beds·1 bathWi-Fi·Kitchen·Air conditioning·Free parking
https://www.airbnb.com.au/s/Bright--Victoria/homes?checkin=2022-05-01&checkout=2022-05-05/rooms/52831859?check_in=2022-05-01&check_out=2022-05-05&previous_page_section_name=1000&federated_search_id=a74c01c2-b525-4bae-982b-275bb3796b0e,b'Bright By The River - central & newly renovated',Entire residential home in Bright,"$1,641 AUD",Rating 5.0 out of 5; 20 reviews,9 guests·3 bedrooms·5 beds·2 bathsWi-Fi·Kitchen·Air conditioning·Free parking
https://www.airbnb.com.au/s/Bright--Victoria/homes?checkin=2022-05-01&checkout=2022-05-05/rooms/27732506?check_in=2022-05-01&check_out=2022-05-05&previous_page_section_name=1000&federated_search_id=a74c01c2-b525-4bae-982b-275bb3796b0e,"b""Christina's Luxury Retreat""",Entire residential home in Bright,"$2,080 AUD",Rating 4.99 out of 5; 74 reviews,8 guests·4 bedrooms·4 beds·2 bathsWi-Fi·Kitchen·Air conditioning·Free parking
https://www.airbnb.com.au/s/Bright--Victoria/homes?checkin=2022-05-01&checkout=2022-05-05/rooms/44451546?check_in=2022-05-01&check_out=2022-05-05&previous_page_section_name=1000&federated_search_id=a74c01c2-b525-4bae-982b-275bb3796b0e,b'Family Friendly Cottages and Apartments',Entire guesthouse in Bright,"$1,011 AUD",Rating 4.87 out of 5; 84 reviews,4 guests·2 bedrooms·3 beds·1 bathWi-Fi·Kitchen·Air conditioning·Free parking
https://www.airbnb.com.au/s/Bright--Victoria/homes?checkin=2022-05-01&checkout=2022-05-05/rooms/48337655?check_in=2022-05-01&check_out=2022-05-05&previous_page_section_name=1000&federated_search_id=a74c01c2-b525-4bae-982b-275bb3796b0e,b'Pebblebank on Morses - Luxury Mountain Retreat',Entire residential home in Wandiligong,"$2,172 AUD",Rating 4.95 out of 5; 39 reviews,4 guests·2 bedrooms·2 beds·1 bathWi-Fi·Kitchen·Air conditioning·Free parking
https://www.airbnb.com.au/s/Bright--Victoria/homes?checkin=2022-05-01&checkout=2022-05-05/rooms/32596739?check_in=2022-05-01&check_out=2022-05-05&previous_page_section_name=1000&federated_search_id=a74c01c2-b525-4bae-982b-275bb3796b0e,b'Central CBD Apartment for 2 with mountain views',Entire rental unit in Bright,"$1,075 AUD",Rating 4.91 out of 5; 135 reviews,2 guests·1 bedroom·1 bed·1 bathKitchen·Air conditioning
https://www.airbnb.com.au/s/Bright--Victoria/homes?checkin=2022-05-01&checkout=2022-05-05/rooms/6135137?check_in=2022-05-01&check_out=2022-05-05&previous_page_section_name=1000&federated_search_id=a74c01c2-b525-4bae-982b-275bb3796b0e,b'Studio @ Quins Gap Retreat',Entire residential home in Bright,"$1,479",Rating 4.88 out of 5; 67 reviews,6 guests·1 bedroom·4 beds·1 bathKitchen·Air conditioning·Free parking
https://www.airbnb.com.au/s/Bright--Victoria/homes?checkin=2022-05-01&checkout=2022-05-05/rooms/48029668?check_in=2022-05-01&check_out=2022-05-05&previous_page_section_name=1000&federated_search_id=a74c01c2-b525-4bae-982b-275bb3796b0e,"b'""Modern , comfortable loft with great views""'",Entire guesthouse in Tawonga South,$660 AUD,Rating 4.97 out of 5; 38 reviews,2 guests·Studio·2 beds·1 bathWi-Fi·Kitchen·Air conditioning·Free parking
https://www.airbnb.com.au/s/Bright--Victoria/homes?checkin=2022-05-01&checkout=2022-05-05/rooms/44110594?check_in=2022-05-01&check_out=2022-05-05&previous_page_section_name=1000&federated_search_id=a74c01c2-b525-4bae-982b-275bb3796b0e,b'Mystic View Cottage',Entire cottage in Wandiligong,"$1,271 AUD",Rating 4.98 out of 5; 42 reviews,7 guests·3 bedrooms·5 beds·1.5 bathsWi-Fi·Kitchen·Air conditioning·Free parking
https://www.airbnb.com.au/s/Bright--Victoria/homes?checkin=2022-05-01&checkout=2022-05-05/rooms/31591360?check_in=2022-05-01&check_out=2022-05-05&previous_page_section_name=1000&federated_search_id=a74c01c2-b525-4bae-982b-275bb3796b0e,b'Bright Central',Entire rental unit in Bright,$842 AUD,Rating 4.60 out of 5; 81 reviews,2 guests·1 bedroom·1 bed·1 bathWi-Fi·Kitchen·Air conditioning·Free parking
https://www.airbnb.com.au/s/Bright--Victoria/homes?checkin=2022-05-01&checkout=2022-05-05/rooms/52078517?check_in=2022-05-01&check_out=2022-05-05&previous_page_section_name=1000&federated_search_id=a74c01c2-b525-4bae-982b-275bb3796b0e,"b'Swim, Sleep, Relax, Repeat Pool & Mountain Views'",Entire rental unit in Bright,"$1,650 AUD",Rating 5.0 out of 5; 8 reviews,8 guests·3 bedrooms·6 beds·2.5 bathsWi-Fi·Kitchen·Air conditioning·Free parking
https://www.airbnb.com.au/s/Bright--Victoria/homes?checkin=2022-05-01&checkout=2022-05-05/rooms/579946578385527573?check_in=2022-05-01&check_out=2022-05-05&previous_page_section_name=1000&federated_search_id=a74c01c2-b525-4bae-982b-275bb3796b0e,b'26 Alrima Court',Entire residential home in Bright,"$1,746 AUD",Not yet rated,6 guests·3 bedrooms·4 beds·2 bathsWi-Fi·Kitchen·Air conditioning
https://www.airbnb.com.au/s/Bright--Victoria/homes?checkin=2022-05-01&checkout=2022-05-05/rooms/28443737?check_in=2022-05-01&check_out=2022-05-05&previous_page_section_name=1000&federated_search_id=a74c01c2-b525-4bae-982b-275bb3796b0e,b'Brightside on Delany',Entire rental unit in Bright,$781 AUD,Rating 4.68 out of 5; 35 reviews,3 guests·1 bedroom·3 beds·1 bathWi-Fi·Kitchen·Air conditioning·Free parking
https://www.airbnb.com.au/s/Bright--Victoria/homes?checkin=2022-05-01&checkout=2022-05-05/rooms/32167346?check_in=2022-05-01&check_out=2022-05-05&previous_page_section_name=1000&federated_search_id=a74c01c2-b525-4bae-982b-275bb3796b0e,b'Nug Nug Park Log Cabin',Entire cabin in Buffalo River,"$1,641 AUD",Rating 4.96 out of 5; 113 reviews,3 guests·1 bedroom·2 beds·1 bathWi-Fi·Kitchen·Air conditioning·Free parking
https://www.airbnb.com.au/s/Bright--Victoria/homes?checkin=2022-05-01&checkout=2022-05-05/rooms/21101335?check_in=2022-05-01&check_out=2022-05-05&previous_page_section_name=1000&federated_search_id=a74c01c2-b525-4bae-982b-275bb3796b0e,b'Norman Court Share',Private room in Bright,$463 AUD,Rating 4.96 out of 5; 70 reviews,2 guests·1 bedroom·1 bed·1 private bathWi-Fi·Kitchen·Air conditioning·Free parking
https://www.airbnb.com.au/s/Bright--Victoria/homes?checkin=2022-05-01&checkout=2022-05-05/rooms/23903718?check_in=2022-05-01&check_out=2022-05-05&previous_page_section_name=1000&federated_search_id=a74c01c2-b525-4bae-982b-275bb3796b0e,b'Studio @ Marshmallow',Entire residential home in Bright,"$1,195",Rating 4.80 out of 5; 20 reviews,3 guests·1 bedroom·2 beds·1 bathAir conditioning·Free parking
https://www.airbnb.com.au/s/Bright--Victoria/homes?checkin=2022-05-01&checkout=2022-05-05/rooms/8274600?check_in=2022-05-01&check_out=2022-05-05&previous_page_section_name=1000&federated_search_id=a74c01c2-b525-4bae-982b-275bb3796b0e,b'MOUNTVIEW ON MOUNTBATTEN : Bright',Entire residential home in Bright,"$1,340 AUD",Rating 4.86 out of 5; 44 reviews,7 guests·3 bedrooms·4 beds·1 bathWi-Fi·Kitchen·Air conditioning·Free parking
https://www.airbnb.com.au/s/Bright--Victoria/homes?checkin=2022-05-01&checkout=2022-05-05/rooms/16675455?check_in=2022-05-01&check_out=2022-05-05&previous_page_section_name=1000&federated_search_id=a74c01c2-b525-4bae-982b-275bb3796b0e,b'The Barn on Ovens River at Burrow and Nest',Entire cabin in Freeburgh,"$1,306 AUD",Rating 4.96 out of 5; 282 reviews,4 guests·2 bedrooms·3 beds·1 bathKitchen·Air conditioning·Free parking
https://www.airbnb.com.au/s/Bright--Victoria/homes?checkin=2022-05-01&checkout=2022-05-05/rooms/24740537?check_in=2022-05-01&check_out=2022-05-05&previous_page_section_name=1000&federated_search_id=a74c01c2-b525-4bae-982b-275bb3796b0e,b'ABALINA luxury accommodation close to CBD',Entire residential home in Bright,"$1,612 AUD",Rating 5.0 out of 5; 18 reviews,6 guests·3 bedrooms·4 beds·2 bathsWi-Fi·Kitchen·Air conditioning·Free parking
https://www.airbnb.com.au/s/Bright--Victoria/homes?checkin=2022-05-01&checkout=2022-05-05/rooms/45274862?check_in=2022-05-01&check_out=2022-05-05&previous_page_section_name=1000&federated_search_id=d8a9b259-97f2-4439-865d-8dc7c5691576,b'Elevation',Entire residential home in Bright,"$2,644",Rating 4.92 out of 5; 13 reviews,6 guests·3 bedrooms·3 beds·3 bathsWi-Fi·Air conditioning
https://www.airbnb.com.au/s/Bright--Victoria/homes?checkin=2022-05-01&checkout=2022-05-05/rooms/53939726?check_in=2022-05-01&check_out=2022-05-05&previous_page_section_name=1000&federated_search_id=d8a9b259-97f2-4439-865d-8dc7c5691576,b'One Bright Stay',Entire residential home in Bright,"$1,960",Not yet rated,6 guests·3 bedrooms·4 beds·2 bathsWi-Fi·Air conditioning·Free parking
https://www.airbnb.com.au/s/Bright--Victoria/homes?checkin=2022-05-01&checkout=2022-05-05/rooms/53894991?check_in=2022-05-01&check_out=2022-05-05&previous_page_section_name=1000&federated_search_id=d8a9b259-97f2-4439-865d-8dc7c5691576,b'Rail Trail Abode',Entire holiday home in Bright,"$1,307 AUD",Rating 4.86 out of 5; 7 reviews,4 guests·2 bedrooms·3 beds·1 bathWi-Fi·Kitchen·Air conditioning·Free parking
https://www.airbnb.com.au/s/Bright--Victoria/homes?checkin=2022-05-01&checkout=2022-05-05/rooms/40238212?check_in=2022-05-01&check_out=2022-05-05&previous_page_section_name=1000&federated_search_id=d8a9b259-97f2-4439-865d-8dc7c5691576,b'Seasons on Mystic',Entire residential home in Bright,"$2,742",Rating 4.81 out of 5; 27 reviews,8 guests·4 bedrooms·7 beds·2 bathsAir conditioning·Free parking
https://www.airbnb.com.au/s/Bright--Victoria/homes?checkin=2022-05-01&checkout=2022-05-05/rooms/47979934?check_in=2022-05-01&check_out=2022-05-05&previous_page_section_name=1000&federated_search_id=d8a9b259-97f2-4439-865d-8dc7c5691576,b'Delany by the Park - House',Entire residential home in Bright,"$2,621",Rating 4.55 out of 5; 11 reviews,11 guests·4 bedrooms·5 beds·2 bathsAir conditioning·Free parking
https://www.airbnb.com.au/s/Bright--Victoria/homes?checkin=2022-05-01&checkout=2022-05-05/rooms/5561509?check_in=2022-05-01&check_out=2022-05-05&previous_page_section_name=1000&federated_search_id=d8a9b259-97f2-4439-865d-8dc7c5691576,b'Collins Retreat - 4 Bedroom home with Pool',Entire residential home in Bright,"$3,004",Rating 4.82 out of 5; 45 reviews,8 guests·4 bedrooms·6 beds·2 bathsWi-Fi·Kitchen·Air conditioning·Free parking
https://www.airbnb.com.au/s/Bright--Victoria/homes?checkin=2022-05-01&checkout=2022-05-05/rooms/50532149?check_in=2022-05-01&check_out=2022-05-05&previous_page_section_name=1000&federated_search_id=d8a9b259-97f2-4439-865d-8dc7c5691576,b'Mill Cottage - Mystic Mountain Views',Entire cottage in Wandiligong,"$2,040 AUD",Rating 5.0 out of 5; 3 reviews,6 guests·3 bedrooms·4 beds·2 bathsWi-Fi·Kitchen·Air conditioning·Free parking
https://www.airbnb.com.au/s/Bright--Victoria/homes?checkin=2022-05-01&checkout=2022-05-05/rooms/18360052?check_in=2022-05-01&check_out=2022-05-05&previous_page_section_name=1000&federated_search_id=d8a9b259-97f2-4439-865d-8dc7c5691576,b'Little Farm Accommodation',Entire bungalow in Kancoona,$481 AUD,Rating 4.98 out of 5; 93 reviews,4 guests·Studio·3 beds·1 bathKitchen·Free parking
https://www.airbnb.com.au/s/Bright--Victoria/homes?checkin=2022-05-01&checkout=2022-05-05/rooms/48160609?check_in=2022-05-01&check_out=2022-05-05&previous_page_section_name=1000&federated_search_id=d8a9b259-97f2-4439-865d-8dc7c5691576,b'Toorak Place',Entire residential home in Bright,"$2,028",Rating 5.0 out of 5; 7 reviews,6 guests·3 bedrooms·4 beds·1 bathAir conditioning
https://www.airbnb.com.au/s/Bright--Victoria/homes?checkin=2022-05-01&checkout=2022-05-05/rooms/39705413?check_in=2022-05-01&check_out=2022-05-05&previous_page_section_name=1000&federated_search_id=d8a9b259-97f2-4439-865d-8dc7c5691576,b'Alinga Longa 4',Entire townhouse in Bright,"$1,475",Rating 4.81 out of 5; 21 reviews,7 guests·2 bedrooms·2 beds·1 bathAir conditioning
https://www.airbnb.com.au/s/Bright--Victoria/homes?checkin=2022-05-01&checkout=2022-05-05/rooms/52013768?check_in=2022-05-01&check_out=2022-05-05&previous_page_section_name=1000&federated_search_id=d8a9b259-97f2-4439-865d-8dc7c5691576,b'Highland Valley Cottage 1',Entire residential home in Bright,"$1,410 AUD",Not yet rated,4 guests·2 bedrooms·3 beds·1 bathWi-Fi·Kitchen·Air conditioning·Free parking
https://www.airbnb.com.au/s/Bright--Victoria/homes?checkin=2022-05-01&checkout=2022-05-05/rooms/18962897?check_in=2022-05-01&check_out=2022-05-05&previous_page_section_name=1000&federated_search_id=d8a9b259-97f2-4439-865d-8dc7c5691576,b'Gillards Guesthouse in Wandiligong',Entire guesthouse in Wandiligong,$786 AUD,Rating 4.95 out of 5; 215 reviews,4 guests·1 bedroom·2 beds·1.5 bathsWi-Fi·Kitchen·Air conditioning·Free parking
https://www.airbnb.com.au/s/Bright--Victoria/homes?checkin=2022-05-01&checkout=2022-05-05/rooms/46592645?check_in=2022-05-01&check_out=2022-05-05&previous_page_section_name=1000&federated_search_id=d8a9b259-97f2-4439-865d-8dc7c5691576,"b'Jodhpur villa 2 - Panoramia Villas , 1bedroom'",Entire villa in Myrtleford,"$1,100 AUD",Rating 5.0 out of 5; 16 reviews,3 guests·1 bedroom·2 beds·1 bathWi-Fi·Kitchen·Air conditioning·Free parking
https://www.airbnb.com.au/s/Bright--Victoria/homes?checkin=2022-05-01&checkout=2022-05-05/rooms/37477895?check_in=2022-05-01&check_out=2022-05-05&previous_page_section_name=1000&federated_search_id=d8a9b259-97f2-4439-865d-8dc7c5691576,b'The Tin Pod',Entire guesthouse in Harrietville,$763 AUD,Rating 4.98 out of 5; 88 reviews,2 guests·1 bedroom·1 bed·1 bathWi-Fi·Kitchen·Air conditioning·Free parking
https://www.airbnb.com.au/s/Bright--Victoria/homes?checkin=2022-05-01&checkout=2022-05-05/rooms/7921919?check_in=2022-05-01&check_out=2022-05-05&previous_page_section_name=1000&federated_search_id=d8a9b259-97f2-4439-865d-8dc7c5691576,b'CRYSTALBROOK COTTAGE : Base of Mt Buffalo',Entire residential home in Porepunkah,"$1,262 AUD",Rating 4.89 out of 5; 80 reviews,4 guests·2 bedrooms·2 beds·1 bathWi-Fi·Kitchen·Air conditioning·Free parking
https://www.airbnb.com.au/s/Bright--Victoria/homes?checkin=2022-05-01&checkout=2022-05-05/rooms/16640374?check_in=2022-05-01&check_out=2022-05-05&previous_page_section_name=1000&federated_search_id=d8a9b259-97f2-4439-865d-8dc7c5691576,"b'Lavender View, Spa two bedroom,Romantic Cottage'",Earth house in Bright,$855 AUD,Rating 4.94 out of 5; 70 reviews,5 guests·2 bedrooms·3 beds·1 bathKitchen·Air conditioning·Free parking
https://www.airbnb.com.au/s/Bright--Victoria/homes?checkin=2022-05-01&checkout=2022-05-05/rooms/44451584?check_in=2022-05-01&check_out=2022-05-05&previous_page_section_name=1000&federated_search_id=d8a9b259-97f2-4439-865d-8dc7c5691576,b'Apartments and Cottages Bright',Entire guesthouse in Bright,"$1,000 AUD",Rating 4.85 out of 5; 41 reviews,4 guests·2 bedrooms·3 beds·1 bathWi-Fi·Kitchen·Air conditioning·Free parking
https://www.airbnb.com.au/s/Bright--Victoria/homes?checkin=2022-05-01&checkout=2022-05-05/rooms/7809040?check_in=2022-05-01&check_out=2022-05-05&previous_page_section_name=1000&federated_search_id=d8a9b259-97f2-4439-865d-8dc7c5691576,b'Halfmooncreek - Moondance cottage',Farm stay in Wandiligong,"$1,118",Rating 4.91 out of 5; 174 reviews,2 guests·1 bedroom·1 bed·1 bathKitchen·Free parking
https://www.airbnb.com.au/s/Bright--Victoria/homes?checkin=2022-05-01&checkout=2022-05-05/rooms/10996130?check_in=2022-05-01&check_out=2022-05-05&previous_page_section_name=1000&federated_search_id=d8a9b259-97f2-4439-865d-8dc7c5691576,b'Stonez Studio BRIGHT',Entire guest suite in Bright,"$1,121 AUD",Rating 4.71 out of 5; 131 reviews,2 guests·Studio·1 bed·1 bathWi-Fi·Air conditioning·Free parking
https://www.airbnb.com.au/s/Bright--Victoria/homes?checkin=2022-05-01&checkout=2022-05-05/rooms/52663882?check_in=2022-05-01&check_out=2022-05-05&previous_page_section_name=1000&federated_search_id=d8a9b259-97f2-4439-865d-8dc7c5691576,b'Myee Alpine House',Entire residential home in Tawonga South,"$1,400 AUD",Not yet rated,10 guests·3 bedrooms·7 beds·2 bathsWi-Fi·Kitchen·Air conditioning·Free parking
https://www.airbnb.com.au/s/Bright--Victoria/homes?checkin=2022-05-01&checkout=2022-05-05/rooms/37820263?check_in=2022-05-01&check_out=2022-05-05&previous_page_section_name=1000&federated_search_id=42497804-4b53-44c2-8f94-23e41a3c74f0,"b'Morses Creek Retreat-Location, Spacious & Spotless'",Entire residential home in Bright,"$1,664 AUD",Rating 4.93 out of 5; 45 reviews,6 guests·3 bedrooms·4 beds·2 bathsWi-Fi·Kitchen·Air conditioning·Free parking
https://www.airbnb.com.au/s/Bright--Victoria/homes?checkin=2022-05-01&checkout=2022-05-05/rooms/16929942?check_in=2022-05-01&check_out=2022-05-05&previous_page_section_name=1000&federated_search_id=42497804-4b53-44c2-8f94-23e41a3c74f0,b'Bright Bliss - Luxury Guesthouse',Entire residential home in Bright,"$2,335",Rating 4.78 out of 5; 9 reviews,4 guests·2 bedrooms·2 beds·1 bathAir conditioning·Free parking
https://www.airbnb.com.au/s/Bright--Victoria/homes?checkin=2022-05-01&checkout=2022-05-05/rooms/4193332?check_in=2022-05-01&check_out=2022-05-05&previous_page_section_name=1000&federated_search_id=42497804-4b53-44c2-8f94-23e41a3c74f0,"b'Beautiful Views, Close to Town'",Entire residential home in Tawonga South,$994 AUD,Rating 4.87 out of 5; 265 reviews,7 guests·3 bedrooms·4 beds·1 bathKitchen·Air conditioning·Free parking
https://www.airbnb.com.au/s/Bright--Victoria/homes?checkin=2022-05-01&checkout=2022-05-05/rooms/11663165?check_in=2022-05-01&check_out=2022-05-05&previous_page_section_name=1000&federated_search_id=42497804-4b53-44c2-8f94-23e41a3c74f0,"b'Autumn Manor, Bright'",Entire residential home in Bright,"$1,757 AUD",Rating 4.91 out of 5; 89 reviews,8 guests·4 bedrooms·5 beds·1 bathWi-Fi·Kitchen·Air conditioning·Free parking
https://www.airbnb.com.au/s/Bright--Victoria/homes?checkin=2022-05-01&checkout=2022-05-05/rooms/53704750?check_in=2022-05-01&check_out=2022-05-05&previous_page_section_name=1000&federated_search_id=42497804-4b53-44c2-8f94-23e41a3c74f0,"b""The Manager's Residence""",Entire residential home in Myrtleford,"$1,202 AUD",Rating 5.0 out of 5; 14 reviews,6 guests·3 bedrooms·3 beds·2.5 bathsWi-Fi·Kitchen·Air conditioning·Free parking
https://www.airbnb.com.au/s/Bright--Victoria/homes?checkin=2022-05-01&checkout=2022-05-05/rooms/5948550?check_in=2022-05-01&check_out=2022-05-05&previous_page_section_name=1000&federated_search_id=42497804-4b53-44c2-8f94-23e41a3c74f0,b'Collins Cottage - Luxury Accommodation',Entire cottage in Bright,"$1,866",Rating 4.78 out of 5; 47 reviews,4 guests·2 bedrooms·3 beds·1 bathWi-Fi·Air conditioning·Free parking
https://www.airbnb.com.au/s/Bright--Victoria/homes?checkin=2022-05-01&checkout=2022-05-05/rooms/44021504?check_in=2022-05-01&check_out=2022-05-05&previous_page_section_name=1000&federated_search_id=42497804-4b53-44c2-8f94-23e41a3c74f0,b'Grevillea Gardens Unit 8',Entire townhouse in Bright,"$1,016 AUD",Rating 4.60 out of 5; 15 reviews,4 guests·2 bedrooms·3 beds·1 bathAir conditioning
https://www.airbnb.com.au/s/Bright--Victoria/homes?checkin=2022-05-01&checkout=2022-05-05/rooms/559646197326014097?check_in=2022-05-01&check_out=2022-05-05&previous_page_section_name=1000&federated_search_id=42497804-4b53-44c2-8f94-23e41a3c74f0,b'Chinese Whispers',Entire residential home in Wandiligong,"$1,554 AUD",Not yet rated,8 guests·3 bedrooms·4 beds·2 bathsKitchen·Air conditioning
https://www.airbnb.com.au/s/Bright--Victoria/homes?checkin=2022-05-01&checkout=2022-05-05/rooms/32341674?check_in=2022-05-01&check_out=2022-05-05&previous_page_section_name=1000&federated_search_id=42497804-4b53-44c2-8f94-23e41a3c74f0,b'The Bungalow',Entire guesthouse in Tawonga,$697 AUD,Rating 4.91 out of 5; 129 reviews,3 guests·1 bedroom·1 bed·1 bathKitchen·Air conditioning·Free parking
https://www.airbnb.com.au/s/Bright--Victoria/homes?checkin=2022-05-01&checkout=2022-05-05/rooms/24286962?check_in=2022-05-01&check_out=2022-05-05&previous_page_section_name=1000&federated_search_id=42497804-4b53-44c2-8f94-23e41a3c74f0,b'TrailBlazer - Indulgent Adventure',Entire residential home in Bright,"$1,968",Rating 4.76 out of 5; 33 reviews,6 guests·3 bedrooms·4 beds·2 bathsWi-Fi·Air conditioning·Free parking
https://www.airbnb.com.au/s/Bright--Victoria/homes?checkin=2022-05-01&checkout=2022-05-05/rooms/52599896?check_in=2022-05-01&check_out=2022-05-05&previous_page_section_name=1000&federated_search_id=42497804-4b53-44c2-8f94-23e41a3c74f0,b'Myee Alpine Retreat - Guest Room',Room in boutique hotel in Tawonga South,$480 AUD,Not yet rated,3 guests·1 bedroom·2 beds·1 private bathWi-Fi·Air conditioning·Free parking
https://www.airbnb.com.au/s/Bright--Victoria/homes?checkin=2022-05-01&checkout=2022-05-05/rooms/25300456?check_in=2022-05-01&check_out=2022-05-05&previous_page_section_name=1000&federated_search_id=42497804-4b53-44c2-8f94-23e41a3c74f0,"b'bella rouge cottage, Bright'",Entire cottage in Bright,"$1,225 AUD",Rating 4.95 out of 5; 59 reviews,2 guests·1 bedroom·1 bed·1 bathWi-Fi·Kitchen·Air conditioning·Free parking
https://www.airbnb.com.au/s/Bright--Victoria/homes?checkin=2022-05-01&checkout=2022-05-05/rooms/42517252?check_in=2022-05-01&check_out=2022-05-05&previous_page_section_name=1000&federated_search_id=42497804-4b53-44c2-8f94-23e41a3c74f0,b'The View Bright - Apartment 1',Entire rental unit in Bright,"$2,424 AUD",Rating 5.0 out of 5; 19 reviews,2 guests·1 bedroom·1 bed·1 bathWi-Fi·Kitchen·Air conditioning·Free parking
https://www.airbnb.com.au/s/Bright--Victoria/homes?checkin=2022-05-01&checkout=2022-05-05/rooms/4535176?check_in=2022-05-01&check_out=2022-05-05&previous_page_section_name=1000&federated_search_id=42497804-4b53-44c2-8f94-23e41a3c74f0,b'Cortes Cottage',Farm stay in Gapsted,"$1,110 AUD",Rating 4.94 out of 5; 310 reviews,4 guests·2 bedrooms·3 beds·1 bathWi-Fi·Kitchen·Air conditioning·Free parking
https://www.airbnb.com.au/s/Bright--Victoria/homes?checkin=2022-05-01&checkout=2022-05-05/rooms/5154457?check_in=2022-05-01&check_out=2022-05-05&previous_page_section_name=1000&federated_search_id=42497804-4b53-44c2-8f94-23e41a3c74f0,b'Bay Creek Guest House',Entire residential home in Mongans Bridge,$647 AUD,Rating 4.96 out of 5; 135 reviews,6 guests·3 bedrooms·5 beds·1 bathWi-Fi·Kitchen·Air conditioning·Free parking
https://www.airbnb.com.au/s/Bright--Victoria/homes?checkin=2022-05-01&checkout=2022-05-05/rooms/42492424?check_in=2022-05-01&check_out=2022-05-05&previous_page_section_name=1000&federated_search_id=42497804-4b53-44c2-8f94-23e41a3c74f0,b'Great Accommodation and Beautiful Gardens',Entire guesthouse in Bright,"$1,000 AUD",Rating 4.87 out of 5; 39 reviews,4 guests·2 bedrooms·3 beds·1 bathWi-Fi·Kitchen·Air conditioning·Free parking
https://www.airbnb.com.au/s/Bright--Victoria/homes?checkin=2022-05-01&checkout=2022-05-05/rooms/43772864?check_in=2022-05-01&check_out=2022-05-05&previous_page_section_name=1000&federated_search_id=42497804-4b53-44c2-8f94-23e41a3c74f0,b'High Country Eco Home with Sweeping Mountain Views',Entire residential home in Tawonga,"$1,289 AUD",Rating 4.80 out of 5; 30 reviews,6 guests·3 bedrooms·3 beds·2 bathsWi-Fi·Kitchen·Air conditioning·Free parking
https://www.airbnb.com.au/s/Bright--Victoria/homes?checkin=2022-05-01&checkout=2022-05-05/rooms/40682265?check_in=2022-05-01&check_out=2022-05-05&previous_page_section_name=1000&federated_search_id=42497804-4b53-44c2-8f94-23e41a3c74f0,b'VILLE VIEWS : Harrietville',Entire residential home in Harrietville,"$1,480 AUD",Rating 4.74 out of 5; 19 reviews,6 guests·3 bedrooms·3 beds·1 bathWi-Fi·Kitchen·Air conditioning·Free parking
https://www.airbnb.com.au/s/Bright--Victoria/homes?checkin=2022-05-01&checkout=2022-05-05/rooms/46588567?check_in=2022-05-01&check_out=2022-05-05&previous_page_section_name=1000&federated_search_id=42497804-4b53-44c2-8f94-23e41a3c74f0,b'Wild Brumby Retreat - Tawonga South',Entire residential home in Tawonga South,"$1,023 AUD",Rating 4.91 out of 5; 32 reviews,5 guests·2 bedrooms·3 beds·1.5 bathsWi-Fi·Kitchen·Air conditioning·Free parking
https://www.airbnb.com.au/s/Bright--Victoria/homes?checkin=2022-05-01&checkout=2022-05-05/rooms/30592369?check_in=2022-05-01&check_out=2022-05-05&previous_page_section_name=1000&federated_search_id=42497804-4b53-44c2-8f94-23e41a3c74f0,b'BrightAway',Entire residential home in Bright,"$2,406",Rating 4.44 out of 5; 16 reviews,8 guests·3 bedrooms·5 beds·2 bathsKitchen·Air conditioning·Free parking
https://www.airbnb.com.au/s/Bright--Victoria/homes?checkin=2022-05-01&checkout=2022-05-05/rooms/50090869?check_in=2022-05-01&check_out=2022-05-05&previous_page_section_name=1000&federated_search_id=4dd8df53-8f05-4d25-b0af-67ad2e5f6a00,b'Bowen Townhouse - Art House Townhouses',Entire townhouse in Bright,"$2,419 AUD",Rating 5.0 out of 5; 8 reviews,4 guests·2 bedrooms·2 beds·2 bathsWi-Fi·Kitchen·Air conditioning·Free parking
https://www.airbnb.com.au/s/Bright--Victoria/homes?checkin=2022-05-01&checkout=2022-05-05/rooms/53926203?check_in=2022-05-01&check_out=2022-05-05&previous_page_section_name=1000&federated_search_id=4dd8df53-8f05-4d25-b0af-67ad2e5f6a00,b'Swallows Rest',Entire residential home in Bright,"$2,562 AUD",Not yet rated,10 guests·5 bedrooms·6 beds·2 bathsWi-Fi·Kitchen
https://www.airbnb.com.au/s/Bright--Victoria/homes?checkin=2022-05-01&checkout=2022-05-05/rooms/44478880?check_in=2022-05-01&check_out=2022-05-05&previous_page_section_name=1000&federated_search_id=4dd8df53-8f05-4d25-b0af-67ad2e5f6a00,b'DELANY VILLAS BRIGHT - Spa luxury on Delany Avenue',Entire guesthouse in Bright,"$1,479 AUD",Rating 4.94 out of 5; 32 reviews,4 guests·2 bedrooms·3 beds·2.5 bathsWi-Fi·Kitchen·Air conditioning·Free parking
https://www.airbnb.com.au/s/Bright--Victoria/homes?checkin=2022-05-01&checkout=2022-05-05/rooms/11419349?check_in=2022-05-01&check_out=2022-05-05&previous_page_section_name=1000&federated_search_id=4dd8df53-8f05-4d25-b0af-67ad2e5f6a00,b'Alpine Knights Stylish Luxury',Entire residential home in Bright,"$2,692",Rating 4.81 out of 5; 36 reviews,10 guests·4 bedrooms·5 beds·2 bathsWi-Fi·Air conditioning·Free parking
https://www.airbnb.com.au/s/Bright--Victoria/homes?checkin=2022-05-01&checkout=2022-05-05/rooms/11421922?check_in=2022-05-01&check_out=2022-05-05&previous_page_section_name=1000&federated_search_id=4dd8df53-8f05-4d25-b0af-67ad2e5f6a00,"b""1 or 2 bedroom Family friendly Apt's or Cottg's""",Entire guesthouse in Bright,"$1,000 AUD",Rating 4.84 out of 5; 63 reviews,4 guests·2 bedrooms·3 beds·1 bathWi-Fi·Kitchen·Air conditioning·Free parking
https://www.airbnb.com.au/s/Bright--Victoria/homes?checkin=2022-05-01&checkout=2022-05-05/rooms/40071377?check_in=2022-05-01&check_out=2022-05-05&previous_page_section_name=1000&federated_search_id=4dd8df53-8f05-4d25-b0af-67ad2e5f6a00,b'Mulligans',Entire residential home in Bright,"$1,992 AUD",Not yet rated,10 guests·4 bedrooms·9 beds·2 bathsWi-Fi·Kitchen
https://www.airbnb.com.au/s/Bright--Victoria/homes?checkin=2022-05-01&checkout=2022-05-05/rooms/5060442?check_in=2022-05-01&check_out=2022-05-05&previous_page_section_name=1000&federated_search_id=4dd8df53-8f05-4d25-b0af-67ad2e5f6a00,b'ABALINA Luxury 3 bedroom house on cobden',Entire residential home in Bright,"$1,564 AUD",Rating 4.78 out of 5; 18 reviews,6 guests·3 bedrooms·4 beds·2 bathsKitchen·Air conditioning·Free parking
https://www.airbnb.com.au/s/Bright--Victoria/homes?checkin=2022-05-01&checkout=2022-05-05/rooms/32673154?check_in=2022-05-01&check_out=2022-05-05&previous_page_section_name=1000&federated_search_id=4dd8df53-8f05-4d25-b0af-67ad2e5f6a00,b'Mountain Village cabin',Entire cabin in Harrietville,"$1,156 AUD",Rating 4.97 out of 5; 32 reviews,8 guests·2 bedrooms·7 beds·1.5 bathsKitchen·Air conditioning·Free parking
https://www.airbnb.com.au/s/Bright--Victoria/homes?checkin=2022-05-01&checkout=2022-05-05/rooms/23932157?check_in=2022-05-01&check_out=2022-05-05&previous_page_section_name=1000&federated_search_id=4dd8df53-8f05-4d25-b0af-67ad2e5f6a00,b'4/47 Delany Avenue',Entire rental unit in Bright,"$1,170 AUD",Rating 4.77 out of 5; 13 reviews,5 guests·2 bedrooms·3 beds·1 bathKitchen·Air conditioning
https://www.airbnb.com.au/s/Bright--Victoria/homes?checkin=2022-05-01&checkout=2022-05-05/rooms/53595667?check_in=2022-05-01&check_out=2022-05-05&previous_page_section_name=1000&federated_search_id=4dd8df53-8f05-4d25-b0af-67ad2e5f6a00,b'Art House on Elm',Entire townhouse in Bright,"$2,419 AUD",Not yet rated,6 guests·3 bedrooms·3 beds·3 bathsWi-Fi·Kitchen·Air conditioning·Free parking
https://www.airbnb.com.au/s/Bright--Victoria/homes?checkin=2022-05-01&checkout=2022-05-05/rooms/20362441?check_in=2022-05-01&check_out=2022-05-05&previous_page_section_name=1000&federated_search_id=4dd8df53-8f05-4d25-b0af-67ad2e5f6a00,b'Happy Paws Hideaway - Pet Friendly Home in Bright',Entire residential home in Bright,"$1,098 AUD",Rating 4.77 out of 5; 48 reviews,7 guests·3 bedrooms·5 beds·2.5 bathsKitchen·Air conditioning·Free parking
https://www.airbnb.com.au/s/Bright--Victoria/homes?checkin=2022-05-01&checkout=2022-05-05/rooms/23862683?check_in=2022-05-01&check_out=2022-05-05&previous_page_section_name=1000&federated_search_id=4dd8df53-8f05-4d25-b0af-67ad2e5f6a00,b'Bright River Cottage',Entire residential home in Bright,"$1,746 AUD",Rating 4.57 out of 5; 7 reviews,6 guests·3 bedrooms·4 beds·1 bathKitchen·Air conditioning
https://www.airbnb.com.au/s/Bright--Victoria/homes?checkin=2022-05-01&checkout=2022-05-05/rooms/18641519?check_in=2022-05-01&check_out=2022-05-05&previous_page_section_name=1000&federated_search_id=4dd8df53-8f05-4d25-b0af-67ad2e5f6a00,b'CARAWAH RIDGE Garden Apartment',Entire rental unit in Myrtleford,"$1,063 AUD",Rating 4.99 out of 5; 80 reviews,2 guests·1 bedroom·1 bed·1 bathWi-Fi·Kitchen·Air conditioning·Free parking
https://www.airbnb.com.au/s/Bright--Victoria/homes?checkin=2022-05-01&checkout=2022-05-05/rooms/18077536?check_in=2022-05-01&check_out=2022-05-05&previous_page_section_name=1000&federated_search_id=4dd8df53-8f05-4d25-b0af-67ad2e5f6a00,b'Sidling House B&B Farmstay - Wandiligong Valley',Entire residential home in Wandiligong,"$1,364 AUD",Rating 4.90 out of 5; 61 reviews,6 guests·3 bedrooms·3 beds·2.5 bathsWi-Fi·Kitchen·Air conditioning·Free parking
https://www.airbnb.com.au/s/Bright--Victoria/homes?checkin=2022-05-01&checkout=2022-05-05/rooms/18962096?check_in=2022-05-01&check_out=2022-05-05&previous_page_section_name=1000&federated_search_id=4dd8df53-8f05-4d25-b0af-67ad2e5f6a00,b'Chalet style apartments in the Alpine foothills',Entire rental unit in Tawonga South,$804 AUD,Rating 4.85 out of 5; 129 reviews,6 guests·2 bedrooms·4 beds·1 bathWi-Fi·Kitchen·Air conditioning·Free parking
https://www.airbnb.com.au/s/Bright--Victoria/homes?checkin=2022-05-01&checkout=2022-05-05/rooms/17043977?check_in=2022-05-01&check_out=2022-05-05&previous_page_section_name=1000&federated_search_id=4dd8df53-8f05-4d25-b0af-67ad2e5f6a00,b'Snowgum Bright Retreat - 2',Entire residential home in Bright,"$2,434",Rating 4.67 out of 5; 12 reviews,9 guests·3 bedrooms·5 beds·2 bathsWi-Fi·Air conditioning·Free parking
https://www.airbnb.com.au/s/Bright--Victoria/homes?checkin=2022-05-01&checkout=2022-05-05/rooms/21298445?check_in=2022-05-01&check_out=2022-05-05&previous_page_section_name=1000&federated_search_id=4dd8df53-8f05-4d25-b0af-67ad2e5f6a00,b'Cherry Lane - Close to the heart of Bright',Entire residential home in Bright,"$2,410",Rating 4.63 out of 5; 24 reviews,7 guests·3 bedrooms·3 beds·1 bathWi-Fi·Air conditioning·Free parking
https://www.airbnb.com.au/s/Bright--Victoria/homes?checkin=2022-05-01&checkout=2022-05-05/rooms/35093113?check_in=2022-05-01&check_out=2022-05-05&previous_page_section_name=1000&federated_search_id=4dd8df53-8f05-4d25-b0af-67ad2e5f6a00,b'Feathertop Villa',Holiday park in Bright,"$1,136 AUD",Rating 4.91 out of 5; 11 reviews,4 guests·2 bedrooms·3 beds·1 bathKitchen·Air conditioning·Free parking
https://www.airbnb.com.au/s/Bright--Victoria/homes?checkin=2022-05-01&checkout=2022-05-05/rooms/48457649?check_in=2022-05-01&check_out=2022-05-05&previous_page_section_name=1000&federated_search_id=4dd8df53-8f05-4d25-b0af-67ad2e5f6a00,b'Your Retreat to Tranquility',Entire guest suite in Tawonga South,$856 AUD,Rating 4.97 out of 5; 37 reviews,4 guests·2 bedrooms·3 beds·1 bathWi-Fi·Kitchen·Air conditioning·Free parking
https://www.airbnb.com.au/s/Bright--Victoria/homes?checkin=2022-05-01&checkout=2022-05-05/rooms/567493905097110333?check_in=2022-05-01&check_out=2022-05-05&previous_page_section_name=1000&federated_search_id=4dd8df53-8f05-4d25-b0af-67ad2e5f6a00,b'Mystic Retreat',Entire residential home in Bright,"$1,940 AUD",Not yet rated,8 guests·3 bedrooms·5 beds·2 bathsWi-Fi·Kitchen·Air conditioning
https://www.airbnb.com.au/s/Bright--Victoria/homes?checkin=2022-05-01&checkout=2022-05-05/rooms/7902186?check_in=2022-05-01&check_out=2022-05-05&previous_page_section_name=1000&federated_search_id=d4ef9d8a-21e8-4347-9a09-6a87b8dc0a88,b'Bright Alps 5 Bedroom Apartment',Entire rental unit in Bright,"$2,080 AUD",Rating 4.78 out of 5; 102 reviews,10 guests·5 bedrooms·7 beds·2 bathsWi-Fi·Kitchen·Air conditioning·Free parking
https://www.airbnb.com.au/s/Bright--Victoria/homes?checkin=2022-05-01&checkout=2022-05-05/rooms/10020921?check_in=2022-05-01&check_out=2022-05-05&previous_page_section_name=1000&federated_search_id=d4ef9d8a-21e8-4347-9a09-6a87b8dc0a88,b'3 Peaks Rise - BRIGHT',Entire residential home in Bright,"$1,958 AUD",Rating 5.0 out of 5; 6 reviews,8 guests·4 bedrooms·5 beds·2 bathsAir conditioning·Free parking
https://www.airbnb.com.au/s/Bright--Victoria/homes?checkin=2022-05-01&checkout=2022-05-05/rooms/559646197326014097?check_in=2022-05-01&check_out=2022-05-05&previous_page_section_name=1000&federated_search_id=d4ef9d8a-21e8-4347-9a09-6a87b8dc0a88,b'Chinese Whispers',Entire residential home in Wandiligong,"$1,554 AUD",Not yet rated,8 guests·3 bedrooms·4 beds·2 bathsKitchen·Air conditioning
https://www.airbnb.com.au/s/Bright--Victoria/homes?checkin=2022-05-01&checkout=2022-05-05/rooms/30592369?check_in=2022-05-01&check_out=2022-05-05&previous_page_section_name=1000&federated_search_id=d4ef9d8a-21e8-4347-9a09-6a87b8dc0a88,b'BrightAway',Entire residential home in Bright,"$2,406",Rating 4.44 out of 5; 16 reviews,8 guests·3 bedrooms·5 beds·2 bathsKitchen·Air conditioning·Free parking
https://www.airbnb.com.au/s/Bright--Victoria/homes?checkin=2022-05-01&checkout=2022-05-05/rooms/32673154?check_in=2022-05-01&check_out=2022-05-05&previous_page_section_name=1000&federated_search_id=d4ef9d8a-21e8-4347-9a09-6a87b8dc0a88,b'Mountain Village cabin',Entire cabin in Harrietville,"$1,156 AUD",Rating 4.97 out of 5; 32 reviews,8 guests·2 bedrooms·7 beds·1.5 bathsKitchen·Air conditioning·Free parking
https://www.airbnb.com.au/s/Bright--Victoria/homes?checkin=2022-05-01&checkout=2022-05-05/rooms/35093113?check_in=2022-05-01&check_out=2022-05-05&previous_page_section_name=1000&federated_search_id=d4ef9d8a-21e8-4347-9a09-6a87b8dc0a88,b'Feathertop Villa',Holiday park in Bright,"$1,136 AUD",Rating 4.91 out of 5; 11 reviews,4 guests·2 bedrooms·3 beds·1 bathKitchen·Air conditioning·Free parking
https://www.airbnb.com.au/s/Bright--Victoria/homes?checkin=2022-05-01&checkout=2022-05-05/rooms/50753109?check_in=2022-05-01&check_out=2022-05-05&previous_page_section_name=1000&federated_search_id=d4ef9d8a-21e8-4347-9a09-6a87b8dc0a88,b'Mountbatten',Entire residential home in Bright,"$2,509",Rating 5.0 out of 5; 3 reviews,7 guests·3 bedrooms·3 beds·2 bathsWi-Fi·Air conditioning
https://www.airbnb.com.au/s/Bright--Victoria/homes?checkin=2022-05-01&checkout=2022-05-05/rooms/53926203?check_in=2022-05-01&check_out=2022-05-05&previous_page_section_name=1000&federated_search_id=d4ef9d8a-21e8-4347-9a09-6a87b8dc0a88,b'Swallows Rest',Entire residential home in Bright,"$2,562 AUD",Not yet rated,10 guests·5 bedrooms·6 beds·2 bathsWi-Fi·Kitchen
https://www.airbnb.com.au/s/Bright--Victoria/homes?checkin=2022-05-01&checkout=2022-05-05/rooms/49295504?check_in=2022-05-01&check_out=2022-05-05&previous_page_section_name=1000&federated_search_id=d4ef9d8a-21e8-4347-9a09-6a87b8dc0a88,b'Wandi near Bright Chalet free wifi',Entire chalet in Wandiligong,$809 AUD,Rating 4.56 out of 5; 41 reviews,8 guests·3 bedrooms·7 beds·1.5 bathsWi-Fi·Kitchen·Air conditioning·Free parking
https://www.airbnb.com.au/s/Bright--Victoria/homes?checkin=2022-05-01&checkout=2022-05-05/rooms/17847150?check_in=2022-05-01&check_out=2022-05-05&previous_page_section_name=1000&federated_search_id=d4ef9d8a-21e8-4347-9a09-6a87b8dc0a88,b'Bright Delight - Modern Luxury',Entire residential home in Bright,"$1,872",Rating 4.91 out of 5; 11 reviews,4 guests·2 bedrooms·2 beds·2 bathsAir conditioning·Free parking
https://www.airbnb.com.au/s/Bright--Victoria/homes?checkin=2022-05-01&checkout=2022-05-05/rooms/11421922?check_in=2022-05-01&check_out=2022-05-05&previous_page_section_name=1000&federated_search_id=d4ef9d8a-21e8-4347-9a09-6a87b8dc0a88,"b""1 or 2 bedroom Family friendly Apt's or Cottg's""",Entire guesthouse in Bright,"$1,000 AUD",Rating 4.84 out of 5; 63 reviews,4 guests·2 bedrooms·3 beds·1 bathWi-Fi·Kitchen·Air conditioning·Free parking
https://www.airbnb.com.au/s/Bright--Victoria/homes?checkin=2022-05-01&checkout=2022-05-05/rooms/5154457?check_in=2022-05-01&check_out=2022-05-05&previous_page_section_name=1000&federated_search_id=d4ef9d8a-21e8-4347-9a09-6a87b8dc0a88,b'Bay Creek Guest House',Entire residential home in Mongans Bridge,$647 AUD,Rating 4.96 out of 5; 135 reviews,6 guests·3 bedrooms·5 beds·1 bathWi-Fi·Kitchen·Air conditioning·Free parking
https://www.airbnb.com.au/s/Bright--Victoria/homes?checkin=2022-05-01&checkout=2022-05-05/rooms/52013823?check_in=2022-05-01&check_out=2022-05-05&previous_page_section_name=1000&federated_search_id=d4ef9d8a-21e8-4347-9a09-6a87b8dc0a88,b'Highland Valley Cottage 7',Entire residential home in Bright,"$1,146 AUD",Not yet rated,4 guests·2 bedrooms·3 beds·1 bathWi-Fi·Kitchen·Air conditioning·Free parking
https://www.airbnb.com.au/s/Bright--Victoria/homes?checkin=2022-05-01&checkout=2022-05-05/rooms/16087888?check_in=2022-05-01&check_out=2022-05-05&previous_page_section_name=1000&federated_search_id=d4ef9d8a-21e8-4347-9a09-6a87b8dc0a88,b'Brights affordable luxury modern Cottages and Apts',Entire guesthouse in Bright,"$1,000 AUD",Rating 4.78 out of 5; 73 reviews,4 guests·2 bedrooms·3 beds·1 bathWi-Fi·Kitchen·Air conditioning·Free parking
https://www.airbnb.com.au/s/Bright--Victoria/homes?checkin=2022-05-01&checkout=2022-05-05/rooms/52209085?check_in=2022-05-01&check_out=2022-05-05&previous_page_section_name=1000&federated_search_id=d4ef9d8a-21e8-4347-9a09-6a87b8dc0a88,b'Hughes Hideaway Eurobin',Farm stay in Eurobin,$909 AUD,Rating 4.91 out of 5; 23 reviews,5 guests·2 bedrooms·3 beds·1 bathWi-Fi·Kitchen·Air conditioning·Free parking
https://www.airbnb.com.au/s/Bright--Victoria/homes?checkin=2022-05-01&checkout=2022-05-05/rooms/17043977?check_in=2022-05-01&check_out=2022-05-05&previous_page_section_name=1000&federated_search_id=d4ef9d8a-21e8-4347-9a09-6a87b8dc0a88,b'Snowgum Bright Retreat - 2',Entire residential home in Bright,"$2,434",Rating 4.67 out of 5; 12 reviews,9 guests·3 bedrooms·5 beds·2 bathsWi-Fi·Air conditioning·Free parking
https://www.airbnb.com.au/s/Bright--Victoria/homes?checkin=2022-05-01&checkout=2022-05-05/rooms/52599896?check_in=2022-05-01&check_out=2022-05-05&previous_page_section_name=1000&federated_search_id=d4ef9d8a-21e8-4347-9a09-6a87b8dc0a88,b'Myee Alpine Retreat - Guest Room',Room in boutique hotel in Tawonga South,$480 AUD,Not yet rated,3 guests·1 bedroom·2 beds·1 private bathWi-Fi·Air conditioning·Free parking
https://www.airbnb.com.au/s/Bright--Victoria/homes?checkin=2022-05-01&checkout=2022-05-05/rooms/37065941?check_in=2022-05-01&check_out=2022-05-05&previous_page_section_name=1000&federated_search_id=d4ef9d8a-21e8-4347-9a09-6a87b8dc0a88,b'Beautiful Apartments and Cosy Cottages',Entire guesthouse in Bright,"$1,000 AUD",Rating 4.86 out of 5; 37 reviews,4 guests·2 bedrooms·3 beds·1 bathWi-Fi·Kitchen·Air conditioning·Free parking
https://www.airbnb.com.au/s/Bright--Victoria/homes?checkin=2022-05-01&checkout=2022-05-05/rooms/47708010?check_in=2022-05-01&check_out=2022-05-05&previous_page_section_name=1000&federated_search_id=d4ef9d8a-21e8-4347-9a09-6a87b8dc0a88,b'Getaway in the Alpine Foothills',Entire rental unit in Tawonga South,$620 AUD,Rating 4.78 out of 5; 9 reviews,2 guests·1 bedroom·1 bed·1 bathWi-Fi·Kitchen·Air conditioning·Free parking
https://www.airbnb.com.au/s/Bright--Victoria/homes?checkin=2022-05-01&checkout=2022-05-05/rooms/46592902?check_in=2022-05-01&check_out=2022-05-05&previous_page_section_name=1000&federated_search_id=d4ef9d8a-21e8-4347-9a09-6a87b8dc0a88,"b'Kyoto villa 4 - Panoramia Villas, 2bedroom'",Entire villa in Myrtleford,"$1,500 AUD",Rating 4.75 out of 5; 4 reviews,5 guests·2 bedrooms·3 beds·2 bathsWi-Fi·Kitchen·Air conditioning·Free parking
https://www.airbnb.com.au/s/Bright--Victoria/homes?checkin=2022-05-01&checkout=2022-05-05/rooms/40071377?check_in=2022-05-01&check_out=2022-05-05&previous_page_section_name=1000&federated_search_id=67ee21c3-4a73-4812-86c3-099aee820b58,b'Mulligans',Entire residential home in Bright,"$1,992 AUD",Not yet rated,10 guests·4 bedrooms·9 beds·2 bathsWi-Fi·Kitchen
https://www.airbnb.com.au/s/Bright--Victoria/homes?checkin=2022-05-01&checkout=2022-05-05/rooms/39512885?check_in=2022-05-01&check_out=2022-05-05&previous_page_section_name=1000&federated_search_id=67ee21c3-4a73-4812-86c3-099aee820b58,"b""Indie's Run""",Entire residential home in Wandiligong,"$2,486",Rating 4.75 out of 5; 16 reviews,10 guests·3 bedrooms·5 beds·1 bathAir conditioning
https://www.airbnb.com.au/s/Bright--Victoria/homes?checkin=2022-05-01&checkout=2022-05-05/rooms/24252318?check_in=2022-05-01&check_out=2022-05-05&previous_page_section_name=1000&federated_search_id=67ee21c3-4a73-4812-86c3-099aee820b58,b'Bright Glamping',Tent in Germantown,$809 AUD,Rating 4.85 out of 5; 84 reviews,2 guests·1 bedroom·1 bed·2 bathsFree parking
https://www.airbnb.com.au/s/Bright--Victoria/homes?checkin=2022-05-01&checkout=2022-05-05/rooms/50597743?check_in=2022-05-01&check_out=2022-05-05&previous_page_section_name=1000&federated_search_id=67ee21c3-4a73-4812-86c3-099aee820b58,b'Tatoonie - stunning country villa',Entire residential home in Myrtleford,"$4,622 AUD",Rating 4.63 out of 5; 8 reviews,11 guests·5 bedrooms·8 beds·2 bathsWi-Fi·Kitchen·Air conditioning·Free parking
https://www.airbnb.com.au/s/Bright--Victoria/homes?checkin=2022-05-01&checkout=2022-05-05/rooms/9635276?check_in=2022-05-01&check_out=2022-05-05&previous_page_section_name=1000&federated_search_id=67ee21c3-4a73-4812-86c3-099aee820b58,b'Cosy & comfortable cottage',Entire residential home in Mount Beauty,$879 AUD,Rating 4.89 out of 5; 102 reviews,4 guests·2 bedrooms·3 beds·2 bathsKitchen·Air conditioning·Free parking
https://www.airbnb.com.au/s/Bright--Victoria/homes?checkin=2022-05-01&checkout=2022-05-05/rooms/42077345?check_in=2022-05-01&check_out=2022-05-05&previous_page_section_name=1000&federated_search_id=67ee21c3-4a73-4812-86c3-099aee820b58,b'Pine Crest',Entire residential home in Bright,"$3,186 AUD",Rating 5.0 out of 5; 3 reviews,8 guests·4 bedrooms·5 beds·4 bathsWi-Fi·Kitchen·Air conditioning
https://www.airbnb.com.au/s/Bright--Victoria/homes?checkin=2022-05-01&checkout=2022-05-05/rooms/54150983?check_in=2022-05-01&check_out=2022-05-05&previous_page_section_name=1000&federated_search_id=67ee21c3-4a73-4812-86c3-099aee820b58,"b'Cool Villa near Mt Beauty, Falls Ck, Bright'",Entire villa in Tawonga South,"$3,097 AUD",Not yet rated,6 guests·3 bedrooms·4 beds·2 bathsWi-Fi·Kitchen·Air conditioning·Free parking
https://www.airbnb.com.au/s/Bright--Victoria/homes?checkin=2022-05-01&checkout=2022-05-05/rooms/28667911?check_in=2022-05-01&check_out=2022-05-05&previous_page_section_name=1000&federated_search_id=67ee21c3-4a73-4812-86c3-099aee820b58,b'Cherry Lane Holiday Apartments 12B',Entire rental unit in Bright,"$1,849 AUD",Rating 4.70 out of 5; 156 reviews,8 guests·3 bedrooms·4 beds·1 bathWi-Fi·Kitchen·Air conditioning
https://www.airbnb.com.au/s/Bright--Victoria/homes?checkin=2022-05-01&checkout=2022-05-05/rooms/36951307?check_in=2022-05-01&check_out=2022-05-05&previous_page_section_name=1000&federated_search_id=67ee21c3-4a73-4812-86c3-099aee820b58,"b'Spacious, modern home, mountain views, big garden'",Entire residential home in Tawonga South,"$1,086 AUD",Rating 4.89 out of 5; 36 reviews,8 guests·3 bedrooms·6 beds·2 bathsKitchen·Air conditioning·Free parking
https://www.airbnb.com.au/s/Bright--Victoria/homes?checkin=2022-05-01&checkout=2022-05-05/rooms/567493905097110333?check_in=2022-05-01&check_out=2022-05-05&previous_page_section_name=1000&federated_search_id=67ee21c3-4a73-4812-86c3-099aee820b58,b'Mystic Retreat',Entire residential home in Bright,"$1,940 AUD",Not yet rated,8 guests·3 bedrooms·5 beds·2 bathsWi-Fi·Kitchen·Air conditioning
https://www.airbnb.com.au/s/Bright--Victoria/homes?checkin=2022-05-01&checkout=2022-05-05/rooms/31194200?check_in=2022-05-01&check_out=2022-05-05&previous_page_section_name=1000&federated_search_id=67ee21c3-4a73-4812-86c3-099aee820b58,b'Nug Nug Wah Homestead - beautiful country getaway',Farm stay in Nug Nug,$659 AUD,Rating 4.76 out of 5; 79 reviews,6 guests·2 bedrooms·3 beds·1 bathKitchen·Air conditioning·Free parking
https://www.airbnb.com.au/s/Bright--Victoria/homes?checkin=2022-05-01&checkout=2022-05-05/rooms/18529431?check_in=2022-05-01&check_out=2022-05-05&previous_page_section_name=1000&federated_search_id=67ee21c3-4a73-4812-86c3-099aee820b58,b'A Place to sleep in Wandi',Private room in Wandiligong,$509 AUD,Rating 4.48 out of 5; 77 reviews,2 guests·1 bedroom·1 bed·1 private bathWi-Fi·Air conditioning·Free parking
https://www.airbnb.com.au/s/Bright--Victoria/homes?checkin=2022-05-01&checkout=2022-05-05/rooms/49800401?check_in=2022-05-01&check_out=2022-05-05&previous_page_section_name=1000&federated_search_id=67ee21c3-4a73-4812-86c3-099aee820b58,b'EAGLES NEST HIDEAWAY APARTMENT NEW & EXCLUSIVE',Entire rental unit in Tawonga South,"$1,745 AUD",Rating 5.0 out of 5; 15 reviews,4 guests·2 bedrooms·2 beds·1 bathWi-Fi·Kitchen·Air conditioning·Free parking
https://www.airbnb.com.au/s/Bright--Victoria/homes?checkin=2022-05-01&checkout=2022-05-05/rooms/52658554?check_in=2022-05-01&check_out=2022-05-05&previous_page_section_name=1000&federated_search_id=67ee21c3-4a73-4812-86c3-099aee820b58,b'Myee Alpine Retreat - Double Room',Room in boutique hotel in Tawonga South,$520 AUD,Not yet rated,2 guests·1 bedroom·1 bed·1 private bathWi-Fi·Air conditioning·Free parking
https://www.airbnb.com.au/s/Bright--Victoria/homes?checkin=2022-05-01&checkout=2022-05-05/rooms/53815682?check_in=2022-05-01&check_out=2022-05-05&previous_page_section_name=1000&federated_search_id=67ee21c3-4a73-4812-86c3-099aee820b58,b'No.43 Studio apartment',Entire guesthouse in Tawonga South,$660 AUD,Rating 5.0 out of 5; 3 reviews,4 guests·1 bedroom·3 beds·1 bathWi-Fi·Kitchen·Air conditioning·Free parking
https://www.airbnb.com.au/s/Bright--Victoria/homes?checkin=2022-05-01&checkout=2022-05-05/rooms/31193188?check_in=2022-05-01&check_out=2022-05-05&previous_page_section_name=1000&federated_search_id=67ee21c3-4a73-4812-86c3-099aee820b58,b'The Bungalow - Myrtleford',Entire guest suite in Myrtleford,$827 AUD,Rating 4.92 out of 5; 156 reviews,2 guests·Studio·1 bed·1 bathWi-Fi·Air conditioning·Free parking
https://www.airbnb.com.au/s/Bright--Victoria/homes?checkin=2022-05-01&checkout=2022-05-05/rooms/53926184?check_in=2022-05-01&check_out=2022-05-05&previous_page_section_name=1000&federated_search_id=67ee21c3-4a73-4812-86c3-099aee820b58,"b""River's Reach""",Entire residential home in Bright,"$1,938 AUD",Not yet rated,6 guests·3 bedrooms·3 beds·2 bathsWi-Fi·Kitchen
https://www.airbnb.com.au/s/Bright--Victoria/homes?checkin=2022-05-01&checkout=2022-05-05/rooms/23862683?check_in=2022-05-01&check_out=2022-05-05&previous_page_section_name=1000&federated_search_id=67ee21c3-4a73-4812-86c3-099aee820b58,b'Bright River Cottage',Entire residential home in Bright,"$1,746 AUD",Rating 4.57 out of 5; 7 reviews,6 guests·3 bedrooms·4 beds·1 bathKitchen·Air conditioning
https://www.airbnb.com.au/s/Bright--Victoria/homes?checkin=2022-05-01&checkout=2022-05-05/rooms/32792283?check_in=2022-05-01&check_out=2022-05-05&previous_page_section_name=1000&federated_search_id=67ee21c3-4a73-4812-86c3-099aee820b58,b'Mountain Mist Retreat - 6 Bedrooms',Entire residential home in Bright,"$6,928",Rating 4.80 out of 5; 5 reviews,16 guests·6 bedrooms·10 beds·4 bathsAir conditioning·Free parking
https://www.airbnb.com.au/s/Bright--Victoria/homes?checkin=2022-05-01&checkout=2022-05-05/rooms/21807225?check_in=2022-05-01&check_out=2022-05-05&previous_page_section_name=1000&federated_search_id=67ee21c3-4a73-4812-86c3-099aee820b58,b'Buffalo Bed and Bike - Farm and Mountain View',Entire residential home in Eurobin,"$1,075 AUD",Rating 4.80 out of 5; 81 reviews,8 guests·3 bedrooms·6 beds·1 bathWi-Fi·Kitchen·Air conditioning·Free parking
